{"_timestamp":1.7489845776239614e+09,"_runtime":0.621360652,"_step":0,"score":52,"_wandb":{"runtime":0}}