{"_runtime":0.577386478,"_step":0,"_wandb":{"runtime":0},"score":86,"_timestamp":1.7489845879738836e+09}