{"score":103,"_timestamp":1.748984624650752e+09,"_runtime":0.591681163,"_step":0,"_wandb":{"runtime":0}}