{"_wandb":{"runtime":0},"_runtime":0.570689327,"_step":0,"score":1,"_timestamp":1.7489846195351853e+09}