{"_wandb":{"runtime":0},"score":101,"_timestamp":1.7489845826889825e+09,"_runtime":0.555105831,"_step":0}