{"_timestamp":1.7489845991074176e+09,"_runtime":0.559047357,"_step":0,"_wandb":{"runtime":0},"score":9}