{"_step":0,"_wandb":{"runtime":0},"score":101,"_timestamp":1.7489845929991415e+09,"_runtime":0.557803507}