{"_runtime":0.548953128,"_step":0,"_wandb":{"runtime":0},"score":84,"_timestamp":1.7489846042652347e+09}