{"_step":0,"_wandb":{"runtime":0},"score":82,"_timestamp":1.7489846092855713e+09,"_runtime":0.557393617}