{"acc":0.7998325967948696,"loss":0.183059069093423,"_wandb":{"runtime":0},"_timestamp":1.7489834613738916e+09,"_runtime":0.648840672,"_step":7}