{"loss":0.2497420889995455,"_timestamp":1.748983853214114e+09,"_runtime":0.651280651,"_wandb":{"runtime":0},"_step":7,"acc":0.7625872856913719}