{"_wandb":{"runtime":0},"_step":0,"score":52,"_timestamp":1.7489846144175746e+09,"_runtime":0.555552534}